r_ZnPc_0_00000_90_10,q_ZnPc_0_00000_90_10,r_ZnPc_0_00000_170_10,q_ZnPc_0_00000_170_10
1.6597464e+08,0.031915523,95643.359,0.05385977
3044829.8,0.053192537,43362.68,0.069248281
554125.56,0.074469551,8824.4443,0.084636785
37909.727,0.095746562,60.830162,0.10002529
3813.9419,0.11702358,21.061689,0.1154138
616.66022,0.1383006,14.99388,0.1308023
282.15558,0.15957761,12.669406,0.14619081
157.12273,0.18085462,9.965826,0.16157931
96.836586,0.20213164,7.6007943,0.17696781
65.659691,0.22340865,6.6442442,0.19235633
45.667717,0.24468566,6.4793396,0.20774484
32.710133,0.26596269,6.012979,0.22313334
23.975636,0.2872397,5.3495455,0.23852184
18.88773,0.30851671,4.974669,0.25391036
15.933261,0.32979372,4.9072304,0.26929885
16.618034,0.35107073,4.7943864,0.28468737
19.512825,0.37234774,4.4923697,0.30007586
27.34753,0.39362475,5.4081507,0.31546438
47.244595,0.41490179,5.3852129,0.3308529
109.02341,0.4361788,6.2875667,0.34624138
414.08859,0.45745581,6.8906183,0.3616299
1189.8971,0.47873282,7.1561189,0.37701839
1656.483,0.50000983,8.746954,0.39240691
1155.161,0.52128685,11.434215,0.40779543
397.70844,0.54256386,15.27359,0.42318392
95.497314,0.56384087,22.291756,0.43857244
35.419521,0.58511788,33.648083,0.45396093
17.934912,0.60639489,47.139721,0.46934944
11.384433,0.6276719,76.091408,0.48473793
8.1863422,0.64894897,95.37941,0.50012648
6.2695146,0.67022598,87.445061,0.51551497
4.8707399,0.69150299,71.478378,0.53090346
4.4812365,0.71278,44.298683,0.54629195
4.023222,0.73405701,24.388432,0.5616805
3.8281343,0.75533402,15.228371,0.57706898
3.3455184,0.77661103,10.662118,0.59245747
2.9882205,0.79788804,8.2731829,0.60784602
2.8246191,0.81916505,6.6233234,0.62323451
2.8148389,0.84044206,5.3831229,0.638623
2.9635506,0.86171907,4.7937903,0.65401149
3.0123744,0.88299608,4.3890548,0.66940004
3.3745203,0.90427309,3.8125727,0.68478853
4.3342199,0.9255501,3.5783854,0.70017701
5.823246,0.94682711,3.4071012,0.71556556
7.4296026,0.96810418,3.0820677,0.73095405
8.2900782,0.98938119,3.0541992,0.74634254
7.7717791,1.0106581,2.9991739,0.76173109
7.7333622,1.0319352,2.5963397,0.77711958
6.0844111,1.0532122,2.5302634,0.79250807
4.9895515,1.0744892,2.6194665,0.80789655
4.282155,1.0957662,2.6239555,0.8232851
3.6725361,1.1170433,2.5815742,0.83867359
3.3862967,1.1383203,2.2994692,0.85406208
3.1590285,1.1595973,2.38462,0.86945063
3.0463927,1.1808743,2.5754187,0.88483912
3.0510302,1.2021513,2.7008696,0.90022761
2.8847632,1.2234284,2.7632577,0.9156161
2.9025021,1.2447053,2.6054249,0.93100464
2.9497042,1.2659824,2.9318588,0.94639313
2.8205917,1.2872593,2.8497944,0.96178162
2.96474,1.3085364,3.2924957,0.97717017
3.0424869,1.3298134,3.3666332,0.99255866
3.1704512,1.3510904,3.3943474,1.0079472
3.2686698,1.3723674,3.5906742,1.0233357
3.3867397,1.3936445,3.8260715,1.0387242
3.5387702,1.4149214,3.4985394,1.0541127
3.7816229,1.4361985,3.8234048,1.0695012
4.1043558,1.4574755,3.7702558,1.0848897
4.323976,1.4787525,3.5928109,1.1002781
4.4665174,1.5000296,3.4562547,1.1156667
4.6605334,1.5213065,3.4318891,1.1310552
4.5339479,1.5425836,3.3485231,1.1464437
4.5957136,1.5638605,3.3438666,1.1618322
4.5072184,1.5851376,3.144577,1.1772207
4.4071436,1.6064146,3.022481,1.1926092
4.0375381,1.6276916,3.1009123,1.2079978
4.0591245,1.6489686,3.0282226,1.2233863
3.9774387,1.6702456,3.2000413,1.2387748
3.7077131,1.6915226,3.1552567,1.2541633
3.1718149,1.7127997,3.0494111,1.2695518
-0.37805328,1.7340766,3.0582998,1.2849402
-1,1.7553537,3.1596706,1.3003287
-1,1.7766308,3.1768458,1.3157173
-1,1.7979077,3.2690139,1.3311058
-1,1.8191848,3.2823927,1.3464943
-0.40849942,1.8404617,3.2942641,1.3618828
3.4264975,1.8617388,3.3842585,1.3772713
4.0873923,1.8830158,3.5840795,1.3926598
4.0802712,1.9042928,3.6450036,1.4080483
4.2719817,1.9255698,3.65905,1.4234369
4.5703106,1.9468468,3.8053553,1.4388254
4.8030605,1.9681238,3.8163154,1.4542139
5.246192,1.9894009,4.1227751,1.4696023
5.4767919,2.0106778,4.0474997,1.4849908
5.6117401,2.0319548,4.239038,1.5003793
5.5920477,2.053232,4.3956742,1.5157678
5.6779881,2.0745089,4.5030293,1.5311564
5.5617118,2.0957859,4.6326761,1.5465449
5.3814263,2.117063,4.9155421,1.5619334
5.1165085,2.13834,5.1159573,1.5773219
4.9376693,2.1596169,5.3348451,1.5927104
4.3459435,2.1808939,5.6350861,1.6080989
4.0731897,2.2021711,6.2211499,1.6234874
3.9328222,2.223448,6.8095541,1.638876
3.7942626,2.244725,7.3007708,1.6542645
3.7500901,2.2660019,8.2898827,1.6696529
3.7297568,2.2872791,9.2785931,1.6850414
3.6291449,2.3085561,10.015094,1.7004299
3.5925848,2.329833,10.878523,1.7158184
3.5163281,2.35111,12.164687,1.7312069
3.5246184,2.3723872,12.580379,1.7465955
3.5221989,2.3936641,13.725662,1.761984
3.4759119,2.4149411,14.425594,1.7773725
3.4511502,2.4362183,16.12538,1.792761
3.5453188,2.4574952,16.68088,1.8081495
3.5501518,2.4787722,17.88817,1.8235379
3.5383403,2.5000491,18.532013,1.8389266
3.5452685,2.5213263,19.312559,1.854315
3.876092,2.5426033,19.6269,1.8697035
4.1479363,2.5638802,19.24024,1.885092
4.0153651,2.5851572,19.5951,1.9004805
3.771255,2.6064343,18.895479,1.915869
3.6748502,2.6277113,18.104942,1.9312575
3.71398,2.6489882,16.64378,1.9466461
3.8256369,2.6702652,15.635057,1.9620346
4.4741621,2.6915424,14.215035,1.9774231
5.0387077,2.7128193,12.955709,1.9928116
4.728838,2.7340963,11.456042,2.0082002
4.0906062,2.7553735,10.232789,2.0235887
3.5758197,2.7766504,9.0055866,2.0389771
3.3500185,2.7979274,7.8021793,2.0543656
3.2869256,2.8192043,7.0175633,2.0697541
3.3183048,2.8404815,6.2398529,2.0851426
3.5772183,2.8617585,5.5186677,2.1005311
4.1474562,2.8830354,5.1634531,2.1159196
3.8871799,2.9043124,4.7968011,2.1313081
3.4126949,2.9255896,4.5527577,2.1466966
3.0577753,2.9468665,4.1995082,2.1620851
2.9976249,2.9681435,3.9626005,2.1774735
2.9239953,2.9894204,3.9371457,2.192862
2.9687185,3.0106976,3.8501019,2.2082508
2.9062936,3.0319746,3.9601874,2.2236392
2.9179578,3.0532515,3.6423869,2.2390277
2.873256,3.0745287,3.7269633,2.2544162
2.9045837,3.0958056,3.624548,2.2698047
3.0580659,3.1170826,3.4397016,2.2851932
3.0464664,3.1383595,,
3.028892,3.1596367,,
3.1043282,3.1809137,,
